file,fall_count
people(3604).jpg,0
people(4131).jpg,1
people(6504).jpg,1
people(6167).jpg,1
people(96).jpg,2
people(6934).jpg,0
people(703).jpg,1
people(1663).jpg,3
people(1695).jpg,1
people(496).jpg,1
people(7819).jpg,0
people(7509).jpg,1
people(6751).jpg,1
people(7891).jpg,1
people(907).jpg,2
people(8743).jpg,3
people(7566).jpg,2
people(5324).jpg,0
people(2350).jpg,1
people(6900).jpg,0
people(8721).jpg,1
people(3941).jpg,1
people(2552).jpg,0
people(4387).jpg,0
people(7558).jpg,2
people(3750).jpg,0
people(1532).jpg,2
people(874).jpg,1
people(1431).jpg,0
people(2870).jpg,0
people(4850).jpg,2
people(3957).jpg,0
people(1466).jpg,1
people(5018).jpg,0
people(1373).jpg,2
people(135).jpg,0
people(152).jpg,1
people(6451).jpg,1
people(7068).jpg,0
people(358).jpg,5
people(2068).jpg,0
people(8150).jpg,1
people(286).jpg,1
people(1230).jpg,1
people(2163).jpg,2
people(6279).jpg,0
people(1634).jpg,6
people(1981).jpg,1
people(3517).jpg,1
people(3149).jpg,0
people(7985).jpg,0
people(3103).jpg,1
people(485).jpg,1
people(2031).jpg,1
people(1817).jpg,1
people(1282).jpg,1
people(8751).jpg,0
people(7028).jpg,2
people(1111).jpg,1
people(4895).jpg,1
people(1474).jpg,2
people(8754).jpg,1
people(116).jpg,2
people(5194).jpg,1
people(2599).jpg,1
people(3005).jpg,3
people(1459).jpg,2
people(780).jpg,2
people(2469).jpg,1
people(6721).jpg,3
people(3173).jpg,2
people(4586).jpg,1
people(6913).jpg,1
people(8287).jpg,1
people(4048).jpg,2
people(3897).jpg,0
people(3940).jpg,2
people(1538).jpg,0
people(1902).jpg,1
people(6145).jpg,0
people(7712).jpg,1
people(1832).jpg,2
people(8715).jpg,2
people(1026).jpg,0
people(4060).jpg,1
people(3055).jpg,3
people(3988).jpg,1
people(8840).jpg,2
people(3715).jpg,1
people(97).jpg,2
people(1554).jpg,1
people(2938).jpg,3
people(3257).jpg,0
people(3999).jpg,1
people(3054).jpg,2
people(2715).jpg,0
people(5331).jpg,1
people(5180).jpg,1
people(6862).jpg,1
people(7412).jpg,1
people(5631).jpg,0
people(1977).jpg,1
people(410).jpg,1
people(3007).jpg,0
people(4557).jpg,0
people(2936).jpg,3
people(5279).jpg,0
people(1355).jpg,1
people(1291).jpg,0
people(4492).jpg,0
people(1984).jpg,0
people(8359).jpg,2
people(5846).jpg,1
people(4483).jpg,0
people(5321).jpg,0
people(216).jpg,1
people(1004).jpg,0
people(2929).jpg,5
people(3178).jpg,2
people(1837).jpg,1
people(7397).jpg,1
people(5189).jpg,1
people(4706).jpg,1
people(1479).jpg,1
people(2659).jpg,0
people(4767).jpg,0
people(5858).jpg,2
people(1041).jpg,1
people(817).jpg,2
people(2909).jpg,2
people(819).jpg,1
people(5290).jpg,0
people(6096).jpg,3
people(3232).jpg,1
people(4933).jpg,2
people(4488).jpg,1
people(1562).jpg,0
people(4923).jpg,0
people(5935).jpg,0
people(4638).jpg,1
people(1599).jpg,3
people(1265).jpg,0
people(4400).jpg,0
people(6874).jpg,0
people(8362).jpg,0
people(3013).jpg,2
people(7887).jpg,1
people(7576).jpg,0
people(600).jpg,1
people(3038).jpg,2
people(2723).jpg,2
people(3086).jpg,0
people(7672).jpg,1
people(6278).jpg,0
people(7154).jpg,0
people(518).jpg,1
people(8742).jpg,0
people(5816).jpg,0
people(973).jpg,1
people(2526).jpg,1
people(2620).jpg,3
people(8834).jpg,3
people(8160).jpg,0
people(3435).jpg,1
people(1365).jpg,1
people(8185).jpg,1
people(4840).jpg,1
people(7991).jpg,1
people(833).jpg,1
people(8869).jpg,0
people(2928).jpg,1
people(8096).jpg,1
people(2476).jpg,1
people(2744).jpg,1
people(2717).jpg,1
people(1531).jpg,4
people(705).jpg,2
people(3441).jpg,0
people(7543).jpg,0
people(50).jpg,0
people(6454).jpg,1
people(3767).jpg,1
people(2900).jpg,3
people(5885).jpg,0
people(4926).jpg,0
people(5578).jpg,0
people(3244).jpg,0
people(6163).jpg,1
people(1467).jpg,2
people(6375).jpg,2
people(2764).jpg,0
people(5258).jpg,0
people(677).jpg,0
people(641).jpg,2
people(6561).jpg,2
people(2935).jpg,3
people(4079).jpg,0
people(7598).jpg,0
people(2098).jpg,1
people(7804).jpg,0
people(238).jpg,1
people(5449).jpg,0
people(4956).jpg,1
people(8122).jpg,0
people(2569).jpg,2
people(1475).jpg,0
people(6720).jpg,0
people(7580).jpg,0
people(310).jpg,1
people(1363).jpg,1
people(4103).jpg,1
people(4066).jpg,0
people(8257).jpg,0
people(2412).jpg,0
people(4516).jpg,0
people(6503).jpg,4
people(313).jpg,1
people(5558).jpg,0
people(7970).jpg,0
people(5474).jpg,0
people(663).jpg,1
people(7979).jpg,1
people(1105).jpg,0
people(2431).jpg,2
people(4916).jpg,2
people(6394).jpg,0
people(5852).jpg,2
people(661).jpg,0
people(3450).jpg,1
people(8690).jpg,1
people(911).jpg,0
people(1306).jpg,3
people(7264).jpg,2
people(8916).jpeg,0
people(5011).jpg,1
people(3451).jpg,0
people(1921).jpg,1
people(418).jpg,1
people(1257).jpg,0
people(4747).jpg,1
people(4073).jpg,1
people(4413).jpg,0
people(6506).jpg,2
people(3788).jpg,1
people(7980).jpg,2
people(6309).jpg,1
people(2759).jpg,1
people(713).jpg,0
people(8762).jpg,2
people(4379).jpg,0
people(8086).jpg,2
people(1604).jpg,0
people(7107).jpg,1
people(7547).jpg,1
people(2821).jpg,1
people(2086).jpg,0
people(3973).jpg,0
people(4047).jpg,1
people(6216).jpg,1
people(1597).jpg,0
people(3881).jpg,1
people(2266).jpg,0
people(4862).jpg,1
people(6872).jpg,1
people(1294).jpg,0
people(3255).jpg,5
people(4670).jpg,0
people(1202).jpg,2
people(7993).jpg,1
people(6657).jpg,0
people(4788).jpg,1
people(1374).jpg,0
people(666).jpg,2
people(1724).jpg,1
people(3969).jpg,2
people(2444).jpg,1
people(647).jpg,4
people(7360).jpg,0
people(421).jpg,1
people(7814).jpg,0
people(721).jpg,1
people(3324).jpg,0
people(2797).jpg,2
people(1541).jpg,1
people(2196).jpg,3
people(5836).jpg,0
people(4794).jpg,4
people(8281).jpg,0
people(1381).jpg,0
people(770).jpg,0
people(8752).jpg,3
people(1317).jpg,0
people(2611).jpg,2
people(6820).jpg,1
people(4443).jpg,1
people(2463).jpg,1
people(3923).jpg,0
people(885).jpg,2
people(3964).jpg,1
people(5837).jpg,0
people(4599).jpg,0
people(6372).jpg,0
people(1157).jpg,0
people(1172).jpg,1
people(8083).jpg,1
people(245).jpg,0
people(7231).jpg,1
people(3167).jpg,4
people(8350).jpg,3
people(6111).jpg,1
people(1052).jpg,4
people(729).jpg,0
people(5674).jpg,0
people(2477).jpg,0
people(976).jpg,0
people(8213).jpg,0
people(5087).jpg,3
people(8082).jpg,1
people(8106).jpg,1
people(321).jpg,1
people(1867).jpg,0
people(1413).jpg,5
people(2859).jpg,2
people(7157).jpg,0
people(7044).jpg,1
people(1956).jpg,1
people(7787).jpg,0
people(1760).jpg,0
people(751).jpg,0
people(1982).jpg,4
people(828).jpg,3
people(2527).jpg,3
people(7884).jpg,1
people(3458).jpg,1
people(5504).jpg,0
people(1711).jpg,3
people(3284).jpg,1
people(3486).jpg,0
people(7262).jpg,1
people(3859).jpg,2
people(6176).jpg,1
people(395).jpg,3
people(2837).jpg,0
people(4446).jpg,2
people(797).jpg,3
people(537).jpg,1
people(3705).jpg,1
people(959).jpg,0
people(3376).jpg,1
people(2540).jpg,2
people(2779).jpg,1
people(6535).jpg,0
people(1180).jpg,1
people(3873).jpg,2
people(3243).jpg,0
people(3804).jpg,0
people(8343).jpg,0
people(3748).jpg,0
people(6428).jpg,1
people(2914).jpg,1
people(5810).jpg,2
people(2937).jpg,2
people(71).jpg,0
people(1207).jpg,2
people(2419).jpg,2
people(3211).jpg,1
people(3605).jpg,0
people(7410).jpg,4
people(7924).jpg,2
people(2731).jpg,2
people(3647).jpg,1
people(8708).jpg,1
people(929).jpg,1
people(849).jpg,1
people(1023).jpeg,0
people(3127).jpg,1
people(2343).jpg,0
people(3344).jpg,0
people(8100).jpg,1
people(5123).jpg,1
people(4648).jpg,1
people(1167).jpg,0
people(2495).jpg,5
people(1186).jpg,1
people(5562).jpg,0
people(5248).jpg,0
people(183).jpg,2
people(2706).jpg,0
people(2039).jpg,1
people(3308).jpg,1
people(3497).jpg,1
people(4451).jpg,1
people(6310).jpg,0
people(2679).jpg,1
people(5027).jpg,1
people(4986).jpg,0
people(1994).jpg,2
people(4626).jpg,2
people(5398).jpg,0
people(1408).jpg,4
people(569).jpg,1
people(5910).jpg,0
people(3123).jpg,0
people(4464).jpg,0
people(2692).jpg,3
people(3342).jpg,3
people(8071).jpg,0
people(3397).jpg,1
people(1529).jpg,1
people(3903).jpg,1
people(2714).jpg,1
people(5840).jpg,5
people(6346).jpg,2
people(5848).jpg,1
people(2880).jpg,3
people(7629).jpg,1
people(3911).jpg,1
people(5065).jpg,0
people(775).jpg,0
people(8725).jpg,1
people(2745).jpg,3
people(3463).jpg,0
people(1136).jpg,1
people(7770).jpg,1
people(8218).jpg,0
people(607).jpg,4
people(82).jpg,3
people(7009).jpg,0
people(2999).jpg,1
people(6213).jpg,2
people(8142).jpg,0
people(8891).jpg,1
people(7163).jpg,0
people(8208).jpg,1
people(8116).jpg,2
people(1510).jpg,0
people(2684).jpg,1
people(711).jpg,0
people(7290).jpg,1
people(8234).jpg,0
people(1581).jpg,1
people(7039).jpg,0
people(4396).jpg,0
people(2060).jpg,0
people(627).jpg,4
people(3761).jpg,0
people(2363).jpg,3
people(4689).jpg,3
people(6423).jpg,1
people(7273).jpg,0
people(2838).jpg,1
people(1694).jpg,2
people(4826).jpg,1
people(8849).jpg,2
people(2452).jpg,1
people(2230).jpg,2
people(427).jpg,2
people(8243).jpg,1
people(3832).jpg,0
people(3132).jpg,1
people(2987).jpg,1
people(2533).jpg,0
people(3836).jpg,2
people(489).jpg,2
people(3199).jpg,2
people(7821).jpg,1
people(393).jpg,2
people(2152).jpg,0
people(2418).jpg,1
people(6327).jpg,0
people(4407).jpg,0
people(7909).jpg,0
people(1545).jpg,2
people(7548).jpg,3
people(8080).jpg,0
people(7976).jpg,2
people(1407).jpg,0
people(7643).jpg,0
people(7795).jpg,0
people(181).jpg,2
people(5176).jpg,1
people(4684).jpg,1
people(2711).jpg,3
people(2720).jpg,3
people(3893).jpg,1
people(2948).jpg,2
people(2016).jpg,0
people(6800).jpg,2
people(3430).jpg,1
people(1758).jpg,2
people(7406).jpg,0
people(7517).jpg,1
people(3328).jpg,2
people(5624).jpg,0
people(5135).jpg,1
people(1118).jpg,1
people(2424).jpg,0
people(8144).jpg,0
people(3063).jpg,1
people(6488).jpg,1
people(8139).jpg,1
people(4480).jpg,1
people(1551).jpg,0
people(688).jpg,2
people(1770).jpg,3
people(7052).jpg,1
people(2393).jpg,3
people(7357).jpg,3
people(4504).jpg,0
people(6124).jpg,0
people(309).jpg,1
people(4138).jpg,1
people(3766).jpg,0
people(741).jpg,3
people(1719).jpg,2
people(7345).jpg,1
people(5173).jpg,2
people(4062).jpg,0
people(4049).jpg,4
people(4142).jpg,2
people(3802).jpg,1
people(5019).jpg,4
people(3175).jpg,1
people(4755).jpg,1
people(8332).jpg,1
people(298).jpeg,0
people(4658).jpg,1
people(383).jpg,1
people(6717).jpg,3
people(1776).jpg,1
people(7127).jpg,1
people(182).jpg,0
people(4898).jpg,2
people(6385).jpg,2
people(8009).jpg,1
people(2751).jpg,1
people(3795).jpg,0
people(1568).jpg,0
people(1323).jpg,0
people(4596).jpg,1
people(8129).jpg,0
people(8957).jpg,0
people(6544).jpg,1
people(7125).jpg,1
people(8235).jpg,3
people(5806).jpg,0
people(2097).jpg,1
people(8895).jpg,2
people(7400).jpg,6
people(1424).jpg,1
people(3241).jpg,3
people(889).jpg,1
people(2365).jpg,1
people(541).jpg,1
people(7426).jpg,1
people(3259).jpg,0
people(3602).jpg,0
people(3148).jpg,5
people(5649).jpg,0
people(3661).jpg,0
people(3183).jpg,0
people(1946).jpg,2
people(972).jpg,0
people(6640).jpg,0
people(5139).jpg,4
people(7185).jpg,2
people(7793).jpg,1
people(2722).jpg,0
people(3131).jpg,1
people(7850).jpg,0
people(940).jpg,0
people(2662).jpg,0
people(4409).jpg,0
people(2474).jpg,0
people(3122).jpg,1
people(1233).jpg,1
people(2543).jpg,0
people(1096).jpg,2
people(2632).jpg,1
people(3493).jpg,0
people(2228).jpg,1
people(764).jpg,1
people(1515).jpg,1
people(6806).jpg,2
people(6265).jpg,0
people(472).jpg,0
people(2946).jpg,1
people(1071).jpg,0
people(799).jpg,2
people(4749).jpg,2
people(4029).jpg,0
people(1072).jpg,0
people(7387).jpg,0
people(1727).jpg,3
people(8200).jpg,1
people(2978).jpg,1
people(348).jpg,0
people(4683).jpg,2
people(2219).jpg,1
people(3918).jpg,0
people(4886).jpg,1
people(3830).jpg,0
people(3485).jpg,1
people(1702).jpg,2
people(394).jpg,1
people(407).jpg,1
people(7318).jpg,0
people(683).jpg,3
people(978).jpg,0
people(204).jpg,0
people(2614).jpg,1
people(3407).jpg,1
people(798).jpg,1
people(3405).jpg,0
people(3158).jpg,4
people(3153).jpg,4
people(3264).jpg,0
people(1657).jpg,0
people(667).jpg,1
people(3519).jpg,1
people(5861).jpg,1
people(5822).jpg,2
people(1469).jpg,2
people(4078).jpg,1
people(7995).jpg,2
people(2067).jpg,0
people(7195).jpg,1
people(6373).jpg,3
people(6759).jpg,0
people(3968).jpg,0
people(1861).jpg,2
people(6482).jpg,1
people(4618).jpg,1
people(2401).jpg,1
people(5965).jpg,6
people(5990).jpg,0
people(7193).jpg,1
people(5319).jpg,2
people(5361).jpg,1
people(1315).jpg,2
people(7644).jpg,1
people(2732).jpg,0
people(4934).jpg,4
people(4089).jpg,3
people(8293).jpg,2
people(6557).jpg,0
people(3905).jpg,0
people(1185).jpg,0
people(1621).jpg,0
people(1234).jpg,1
people(3829).jpg,0
people(28).jpg,0
people(529).jpg,0
people(4935).jpg,1
people(7111).jpg,1
people(4556).jpg,1
people(6771).jpg,1
people(2320).jpg,0
people(5050).jpg,1
people(2201).jpg,0
people(3164).jpg,1
people(7626).jpg,0
people(461).jpg,0
people(8707).jpg,3
people(69).jpg,1
people(2609).jpg,1
people(2130).jpg,1
people(6790).jpg,1
people(194).jpg,1
people(81).jpg,1
people(6928).jpg,1
people(7653).jpg,1
people(497).jpg,0
people(7602).jpg,1
people(3035).jpg,1
people(3080).jpg,2
people(1300).jpg,1
people(8898).jpg,1
people(5728).jpg,0
people(4399).jpg,1
people(5109).jpg,2
people(5178).jpg,0
people(7504).jpg,1
people(4720).jpg,0
people(1372).jpg,1
people(1017).jpg,1
people(7).jpg,0
people(5498).jpg,0
people(8722).jpg,3
people(2270).jpg,2
people(3631).jpg,0
people(4553).jpg,0
people(99).jpg,0
people(1087).jpg,2
people(8691).jpg,2
people(7005).jpg,4
people(1896).jpg,0
people(3436).jpg,2
people(2422).jpg,0
people(1483).jpg,1
people(1735).jpg,0
people(2111).jpg,0
people(184).jpg,1
people(5317).jpg,1
people(2447).jpg,1
people(3090).jpg,1
people(7374).jpg,1
people(754).jpg,0
people(3170).jpg,2
people(4865).jpg,0
people(649).jpg,1
people(3473).jpg,0
people(226).jpg,2
people(5164).jpg,0
people(7550).jpg,0
people(5582).jpg,0
people(3574).jpg,0
people(660).jpg,1
people(3773).jpg,0
people(6919).jpg,0
people(2254).jpg,0
people(7313).jpg,0
people(7142).jpg,1
people(5686).jpg,0
people(2992).jpg,1
people(5014).jpg,1
people(3480).jpg,1
people(3396).jpg,0
people(1115).jpg,0
people(4168).jpg,3
people(1851).jpg,2
people(5847).jpg,1
people(3427).jpg,1
people(860).jpg,1
people(2298).jpg,0
people(4082).jpg,0
people(3042).jpg,0
people(3920).jpg,1
people(802).jpg,1
people(875).jpg,1
people(6627).jpg,1
people(6767).jpg,1
people(75).jpg,0
people(5567).jpg,0
people(2341).jpg,0
people(1032).jpg,1
people(2438).jpg,1
people(7838).jpg,0
people(4193).jpg,1
people(2598).jpg,0
people(7419).jpg,4
people(7596).jpg,0
people(2513).jpg,1
people(3182).jpg,2
people(8334).jpg,3
people(2841).jpg,0
people(3559).jpg,1
people(960).jpg,5
people(6833).jpg,2
people(6932).jpg,0
people(2588).jpg,0
people(7401).jpg,1
people(2371).jpg,2
people(6531).jpg,0
people(6733).jpg,0
people(1992).jpg,3
people(1835).jpg,0
people(8709).jpg,1
people(3225).jpg,1
people(8861).jpg,1
people(126).jpg,2
people(6994).jpg,2
people(2240).jpg,3
people(931).jpg,1
people(1095).jpg,1
people(3095).jpg,0
people(1561).jpg,0
people(2861).jpg,2
people(4602).jpg,2
people(7872).jpg,1
people(4609).jpg,0
people(4910).jpg,1
people(6026).jpg,1
people(3102).jpg,5
people(205).jpg,3
people(5235).jpg,4
people(3635).jpg,2
people(2726).jpg,0
people(4056).jpg,1
people(1362).jpg,1
people(1423).jpg,1
people(281).jpg,1
people(7162).jpg,0
people(4657).jpg,3
people(6776).jpg,0
people(7982).jpg,0
people(8283).jpg,1
people(6485).jpg,1
people(5330).jpg,0
people(6126).jpg,0
people(3474).jpg,0
people(368).jpg,1
people(5117).jpg,1
people(8227).jpg,0
people(3869).jpg,0
people(1076).jpg,0
people(480).jpg,2
people(5075).jpg,0
people(6903).jpg,1
people(1152).jpg,1
people(7200).jpg,1
people(985).jpg,0
people(3807).jpg,1
people(2264).jpg,0
people(4045).jpg,1
people(7765).jpg,2
people(3027).jpg,2
people(2570).jpg,6
people(6912).jpg,2
people(2485).jpg,2
people(2019).jpg,1
people(5726).jpg,0
people(3886).jpg,2
people(32).jpg,2
people(1455).jpg,2
people(2562).jpg,0
people(5081).jpg,2
people(809).jpg,0
people(6777).jpg,0
people(3036).jpg,1
people(7274).jpg,0
people(7019).jpg,2
people(6983).jpg,0
people(3283).jpg,3
people(2996).jpg,2
people(4652).jpg,2
people(821).jpg,1
people(4086).jpg,0
people(8025).jpg,0
people(6465).jpg,0
people(8907).jpg,0
people(8284).jpg,3
people(4479).jpg,1
people(1630).jpg,1
people(735).jpg,0
people(1187).jpg,0
people(2586).jpg,0
people(186).jpg,1
people(5282).jpg,0
people(147).jpg,1
people(2990).jpg,2
people(1319).jpg,1
people(5067).jpg,1
people(5924).jpg,1
people(2983).jpg,0
people(3188).jpg,2
people(5951).jpg,0
people(4859).jpg,0
people(6244).jpg,1
people(4991).jpg,0
people(1458).jpg,1
people(1490).jpg,2
people(951).jpg,2
people(3011).jpg,0
people(3938).jpg,2
people(2881).jpg,1
people(7944).jpg,0
people(4527).jpg,0
people(4630).jpg,3
people(5801).jpg,0
people(8133).jpg,2
people(1203).jpg,1
people(3725).jpg,0
people(1085).jpg,0
people(3916).jpg,0
people(27).jpg,3
people(2558).jpg,3
people(4973).jpg,0
people(5063).jpg,0
people(7463).jpg,1
people(3390).jpg,5
people(3756).jpg,0
people(6344).jpg,1
people(6302).jpg,0
people(5633).jpg,0
people(4743).jpg,0
people(2416).jpg,2
people(442).jpg,1
people(1611).jpg,1
people(5234).jpg,0
people(7662).jpg,2
people(1249).jpg,0
people(4498).jpg,0
people(2255).jpg,1
people(1075).jpg,1
people(5043).jpg,1
people(1890).jpg,0
people(6969).jpg,1
people(8741).jpg,1
people(29).jpg,2
people(66).jpg,0
people(7914).jpg,1
people(2536).jpg,2
people(382).jpg,1
people(7593).jpg,1
people(7634).jpg,1
people(1678).jpg,1
people(800).jpg,0
people(6581).jpg,1
people(1521).jpg,0
people(8205).jpg,0
people(4150).jpg,1
people(5261).jpg,0
people(3551).jpg,2
people(3060).jpg,1
people(363).jpg,0
people(3541).jpg,1
people(1326).jpg,1
people(4833).jpg,2
people(2648).jpg,0
people(3022).jpg,1
people(1926).jpg,0
people(285).jpg,1
people(2737).jpg,0
people(7633).jpg,2
people(6711).jpg,4
people(151).jpg,2
people(853).jpg,0
people(2770).jpg,1
people(4861).jpg,1
people(1684).jpg,1
people(2574).jpg,1
people(4074).jpg,3
people(7474).jpg,1
people(974).jpg,2
people(2506).jpg,0
people(6493).jpg,1
people(1624).jpg,2
people(5514).jpg,0
people(532).jpg,0
people(7248).jpg,1
people(6916).jpg,1
people(2276).jpg,0
people(3571).jpg,0
people(1179).jpg,2
people(7476).jpg,0
people(2503).jpg,1
people(1284).jpg,1
people(2427).jpg,0
people(1396).jpg,1
people(7513).jpg,0
people(4122).jpg,1
people(4896).jpg,1
people(7942).jpg,0
people(4952).jpg,5
people(2891).jpg,0
people(4732).jpg,1
people(7922).jpg,1
people(4569).jpg,0
people(400).jpg,2
people(3655).jpg,1
people(6328).jpg,1
people(146).jpg,2
people(2585).jpg,2
people(1960).jpg,1
people(5186).jpg,2
people(8812).jpg,1
people(648).jpg,2
people(6118).jpg,0
people(5896).jpg,0
people(884).jpg,4
people(2024).jpg,1
people(8258).jpg,1
people(3380).jpg,3
people(4975).jpg,1
people(6364).jpg,0
people(1177).jpg,0
people(4682).jpg,0
people(7869).jpg,0
people(1922).jpg,0
people(3894).jpg,2
people(3110).jpg,1
people(7687).jpg,2
people(615).jpg,1
people(1080).jpg,1
people(5948).jpg,0
people(3277).jpg,1
people(1761).jpg,0
people(8224).jpg,1
people(1980).jpg,1
people(1683).jpg,1
people(3197).jpg,1
people(4994).jpg,0
people(5830).jpg,1
people(8135).jpg,2
people(8882).jpg,1
people(2397).jpg,5
people(1582).jpg,0
people(6599).jpg,2
people(5814).jpg,1
people(8188).jpg,0
people(2445).jpg,0
people(783).jpg,1
people(7488).jpg,1
people(1415).jpg,0
people(2656).jpg,1
people(7470).jpg,2
people(2803).jpg,2
people(2054).jpg,1
people(7121).jpg,1
people(1487).jpg,1
people(5038).jpg,0
people(1906).jpg,0
people(2340).jpg,1
people(6710).jpg,2
people(998).jpg,0
people(3826).jpg,1
people(1391).jpg,1
people(1103).jpg,0
people(7341).jpg,2
people(1653).jpg,2
people(5808).jpg,1
people(4192).jpg,1
people(7728).jpg,0
people(1767).jpg,2
people(8877).jpg,2
people(5554).jpg,0
people(8371).jpg,3
people(3323).jpg,3
people(4111).jpg,0
people(5679).jpg,0
people(956).jpg,1
people(451).jpg,1
people(2984).jpg,1
people(5942).jpg,2
people(605).jpg,1
people(7348).jpg,0
people(6013).jpg,1
people(4124).jpg,0
people(5142).jpg,0
people(282).jpg,2
people(2459).jpg,3
people(1170).jpg,4
people(8182).jpg,1
people(4798).jpg,0
people(4126).jpg,1
people(4395).jpg,1
people(5873).jpg,1
people(1178).jpg,0
people(6816).jpg,0
people(7234).jpg,2
people(4120).jpg,0
people(44).jpg,1
people(6631).jpg,0
people(2860).jpg,0
people(6933).jpg,3
people(2470).jpg,0
people(7227).jpg,0
people(6004).jpg,2
people(403).jpg,1
people(5327).jpg,4
people(5828).jpg,0
people(3141).jpg,1
people(2308).jpg,0
people(4930).jpg,1
people(1074).jpg,2
people(3378).jpg,2
people(601).jpg,1
people(4468).jpg,1
people(2544).jpg,0
people(176).jpg,0
people(792).jpg,3
people(2493).jpg,1
people(6475).jpg,0
people(1330).jpg,2
people(4884).jpg,4
people(830).jpg,1
people(6007).jpg,3
people(3333).jpg,4
people(1585).jpg,2
people(1614).jpg,4
people(8858).jpg,2
people(1385).jpg,1
people(2690).jpg,2
people(5812).jpg,0
people(327).jpg,1
people(1395).jpg,2
people(8352).jpg,0
people(4455).jpg,0
people(6508).jpg,1
people(8289).jpg,3
people(856).jpg,1
people(4052).jpg,1
people(7182).jpg,3
people(8930).jpg,1
people(8875).jpg,1
people(164).jpg,2
people(1221).jpg,1
people(3404).jpg,0
people(7501).jpg,3
people(2128).jpg,0
people(3366).jpg,2
people(1736).jpg,1
people(7809).jpg,1
people(6277).jpg,6
people(4686).jpg,0
people(4404).jpg,0
people(398).jpg,1
people(2319).jpg,2
people(5281).jpg,2
people(4019).jpg,0
people(4456).jpg,1
people(4155).jpg,2
people(5491).jpg,0
people(6760).jpg,1
people(7798).jpg,4
people(2194).jpg,1
people(2668).jpg,0
people(3852).jpg,2
people(5057).jpg,2
people(1164).jpg,1
people(7086).jpg,1
people(3403).jpg,1
people(1433).jpg,3
people(3732).jpg,0
people(6027).jpg,2
people(1650).jpg,0
people(837).jpg,1
people(2362).jpg,1
people(949).jpg,3
people(6304).jpg,0
people(443).jpg,2
people(943).jpg,1
people(2268).jpg,1
people(2813).jpg,1
people(3520).jpg,0
people(4377).jpg,1
people(7589).jpg,3
people(8044).jpg,2
people(6522).jpg,0
people(1371).jpg,2
people(5132).jpg,0
people(4107).jpg,0
people(2439).jpg,1
people(2902).jpg,0
people(6094).jpg,1
people(7083).jpg,0
people(5059).jpg,1
people(8844).jpg,2
people(5655).jpg,0
people(4076).jpg,1
people(6445).jpg,1
people(5811).jpg,0
people(1016).jpg,0
people(3925).jpg,0
people(2612).jpg,2
people(2510).jpg,0
people(6430).jpg,1
people(2535).jpg,1
people(7215).jpg,1
people(6326).jpg,0
people(761).jpg,2
people(5479).jpg,0
people(6335).jpg,0
people(3239).jpg,5
people(5827).jpg,0
people(41).jpg,1
people(2688).jpg,3
people(1933).jpg,1
people(6185).jpg,0
people(3008).jpg,1
people(6807).jpg,4
people(7269).jpg,2
people(8172).jpg,1
people(1126).jpg,0
people(6603).jpg,1
people(1246).jpg,0
people(2926).jpg,2
people(7677).jpg,0
people(5217).jpg,0
people(1728).jpg,2
people(1058).jpg,2
people(1145).jpg,2
people(5136).jpg,2
people(6417).jpg,5
people(4368).jpg,0
people(2008).jpg,0
people(7611).jpg,2
people(7698).jpg,2
people(4843).jpg,2
people(5103).jpg,1
people(4678).jpg,1
people(3453).jpg,1
people(93).jpg,1
people(3145).jpg,2
people(7601).jpg,0
people(7073).jpg,2
people(6931).jpg,0
people(4472).jpg,3
people(3029).jpg,0
people(2956).jpg,1
people(6804).jpg,2
people(6006).jpg,3
people(6086).jpg,2
people(3329).jpg,0
people(1024).jpg,2
people(2593).jpg,5
people(5088).jpg,0
people(2353).jpg,0
people(2547).jpg,1
people(2917).jpg,0
people(7456).jpg,1
people(5813).jpg,0
people(265).jpg,0
people(880).jpg,1
people(2729).jpg,2
people(1524).jpg,1
people(1123).jpg,4
people(2676).jpg,1
people(3817).jpg,0
people(357).jpg,0
people(7524).jpg,2
people(3425).jpg,1
people(7584).jpg,0
people(2761).jpg,0
people(8140).jpg,0
people(6295).jpg,1
people(6567).jpg,0
people(3221).jpg,1
people(3660).jpg,3
people(8672).jpg,3
people(2773).jpg,1
people(6211).jpg,0
people(3237).jpg,3
people(1615).jpg,1
people(7489).jpg,3
people(8286).jpg,0
people(6538).jpg,0
people(7748).jpg,0
people(824).jpg,1
people(6097).jpg,4
people(7784).jpg,1
people(8211).jpg,2
people(4014).jpg,2
people(7144).jpg,3
people(5892).jpg,2
people(2943).jpg,0
people(5429).jpg,0
people(2541).jpg,1
people(3904).jpg,0
people(4200).jpg,3
people(7414).jpg,2
people(3915).jpg,3
people(1154).jpg,1
people(4733).jpg,1
people(4068).jpg,2
people(6080).jpg,0
people(3309).jpg,0
people(7636).jpg,3
people(7996).jpg,0
people(1222).jpg,0
people(8896).jpg,1
people(2396).jpg,1
people(2326).jpg,2
people(3163).jpg,2
people(3447).jpg,3
people(7460).jpg,1
people(4737).jpg,0
people(5337).jpg,1
people(5891).jpg,0
people(8719).jpg,2
people(1387).jpg,1
people(6073).jpg,0
people(1704).jpg,3
people(2685).jpg,0
people(499).jpg,1
people(4474).jpg,1
people(385).jpg,1
people(2776).jpg,2
people(5210).jpg,1
people(1894).jpg,3
people(1703).jpg,0
people(8197).jpg,1
people(8212).jpg,0
people(1443).jpg,5
people(8074).jpg,1
people(2884).jpg,1
people(4666).jpg,1
people(3505).jpg,0
people(6498).jpg,3
people(425).jpg,0
people(4011).jpg,1
people(3871).jpg,3
people(1018).jpg,1
people(4717).jpg,1
people(4512).jpg,1
people(2830).jpg,3
people(1905).jpg,1
people(1567).jpg,0
people(1325).jpg,0
people(8686).jpg,4
people(2104).jpg,1
people(1723).jpg,0
people(8700).jpg,2
people(1556).jpg,4
people(1942).jpg,0
people(1878).jpg,0
people(3935).jpg,1
people(6247).jpg,1
people(1912).jpg,1
people(1060).jpg,2
people(7522).jpg,2
people(3047).jpg,0
people(4133).jpg,1
people(1067).jpg,0
people(5273).jpg,2
people(2628).jpg,1
people(3909).jpg,1
people(4827).jpg,0
people(259).jpg,1
people(7573).jpg,1
people(453).jpg,2
people(6468).jpg,3
people(6446).jpg,1
people(3267).jpg,1
people(3290).jpg,2
people(3846).jpg,0
people(4646).jpg,0
people(6750).jpg,0
people(1108).jpg,2
people(8288).jpg,1
people(6157).jpg,0
people(4673).jpg,1
people(3214).jpg,1
people(2822).jpg,1
people(5267).jpg,0
people(7785).jpg,1
people(2702).jpg,2
people(7176).jpg,0
people(8307).jpg,2
people(2508).jpg,2
people(895).jpg,0
people(1422).jpg,1
people(4146).jpg,0
people(3419).jpg,3
people(2144).jpg,1
people(4099).jpg,1
people(2089).jpg,0
people(7094).jpg,1
people(1117).jpg,1
people(1383).jpg,2
people(8727).jpg,1
people(3495).jpg,1
people(2103).jpg,2
people(5835).jpg,0
people(842).jpg,2
people(4768).jpg,2
people(2677).jpg,0
people(8174).jpg,3
people(2408).jpg,2
people(5817).jpg,0
people(6439).jpg,1
people(3345).jpg,2
people(105).jpg,3
people(7526).jpg,2
people(1270).jpg,0
people(5239).jpg,2
people(7736).jpg,1
people(5097).jpg,0
people(2816).jpg,4
people(769).jpg,4
people(2748).jpg,0
people(7612).jpg,0
people(7549).jpg,0
people(4435).jpg,2
people(5575).jpg,0
people(3800).jpg,0
people(825).jpg,0
people(6095).jpg,0
people(475).jpg,0
people(4610).jpg,0
people(8292).jpg,1
people(1904).jpg,1
people(3563).jpg,0
people(2834).jpg,1
people(5297).jpg,0
people(3889).jpg,1
people(137).jpg,0
people(3742).jpg,0
people(1535).jpg,1
people(1094).jpg,0
people(7301).jpg,3
people(3468).jpg,2
people(4532).jpg,2
people(709).jpg,2
people(6678).jpg,1
people(269).jpg,0
people(554).jpg,1
people(2934).jpg,3
people(534).jpg,1
people(1525).jpg,0
people(6076).jpg,0
people(1519).jpg,1
people(246).jpg,1
people(2932).jpg,0
people(5249).jpg,0
people(4520).jpg,1
people(80).jpg,0
people(1389).jpg,1
people(936).jpg,1
people(7100).jpg,0
people(2643).jpg,1
people(2994).jpg,2
people(1700).jpg,1
people(3522).jpg,1
people(8324).jpg,0
people(7883).jpg,0
people(2924).jpg,0
people(2079).jpg,0
people(5913).jpg,2
people(432).jpg,1
people(1676).jpg,4
people(4506).jpg,1
people(772).jpg,0
people(3364).jpg,1
people(302).jpg,1
people(5823).jpg,0
people(902).jpg,0
people(560).jpg,1
people(5946).jpg,0
people(515).jpg,1
people(1934).jpg,1
people(8335).jpg,0
people(5167).jpg,1
people(2691).jpg,1
people(1765).jpg,0
people(3236).jpg,1
people(5839).jpg,1
people(511).jpg,1
people(295).jpg,0
people(1197).jpg,0
people(5460).jpg,0
people(2597).jpg,3
people(7329).jpg,1
people(2653).jpg,3
people(2754).jpg,0
people(4055).jpg,1
people(3990).jpg,0
people(4634).jpg,1
people(4653).jpg,2
people(1141).jpg,0
people(3561).jpg,1
people(2640).jpg,1
people(1852).jpg,3
people(1575).jpg,1
people(3880).jpg,1
people(1400).jpg,2
people(657).jpg,4
people(3792).jpg,0
people(5115).jpg,0
people(7681).jpg,2
people(5008).jpg,0
people(2272).jpg,0
people(1066).jpg,0
people(6471).jpg,0
people(7638).jpg,1
people(3075).jpg,0
people(1507).jpg,0
people(2829).jpg,1
people(4).jpg,2
people(1425).jpg,0
people(8322).jpg,0
people(7306).jpg,0
people(3414).jpg,0
people(4051).jpg,1
people(1689).jpg,2
people(2671).jpg,2
people(380).jpg,2
people(7330).jpg,1
people(2437).jpg,1
people(6556).jpg,1
people(6921).jpg,3
people(7134).jpg,1
people(6429).jpg,1
people(1740).jpg,0
people(6624).jpg,2
people(6030).jpg,0
people(2627).jpg,0
people(5792).jpg,0
people(3901).jpg,2
people(5490).jpg,0
people(6528).jpg,2
people(4725).jpg,2
people(3101).jpg,1
people(7007).jpg,2
people(1854).jpg,2
people(8036).jpg,0
people(887).jpg,4
people(5923).jpg,1
people(1338).jpg,0
people(4650).jpg,3
people(3138).jpg,1
people(2162).jpg,3
people(5259).jpg,2
people(7046).jpg,0
people(2652).jpg,1
people(5277).jpg,0
people(2423).jpg,0
people(3383).jpg,1
people(5809).jpg,1
people(3285).jpg,0
people(538).jpg,0
people(2663).jpg,2
people(4617).jpg,1
people(5904).jpg,2
people(3348).jpg,2
people(6320).jpg,0
people(4949).jpg,2
people(7639).jpg,2
people(2462).jpg,0
people(2901).jpg,1
people(3452).jpg,0
people(4775).jpg,0
people(2417).jpg,0
people(2432).jpg,2
people(7145).jpg,1
people(1343).jpg,2
people(3662).jpg,0
people(5845).jpg,1
people(6405).jpg,0
people(3386).jpg,0
people(4441).jpg,0
people(7720).jpg,2
people(8093).jpg,0
people(1348).jpg,2
people(3966).jpg,1
people(4426).jpg,2
people(5818).jpg,1
people(2483).jpg,2
people(5077).jpg,2
people(4129).jpg,1
people(4701).jpg,4
people(4589).jpg,2
people(4035).jpg,0
people(1646).jpg,1
people(4546).jpg,1
people(2661).jpg,2
people(3591).jpg,2
people(8088).jpg,0
people(6486).jpg,1
people(1953).jpg,0
people(3191).jpg,2
people(3654).jpg,1
people(5223).jpg,2
people(5529).jpg,0
people(2864).jpg,0
people(3875).jpg,0
people(3922).jpg,1
people(7725).jpg,0
people(5192).jpg,1
people(3370).jpg,1
people(2845).jpg,1
people(2451).jpg,1
people(1409).jpg,0
people(4370).jpg,0
people(7564).jpg,1
people(2940).jpg,0
people(1668).jpg,1
people(4121).jpg,1
people(5620).jpg,0
people(8248).jpg,0
people(2207).jpg,1
people(2721).jpg,0
people(807).jpg,0
people(3947).jpg,0
people(207).jpg,2
people(714).jpg,0
people(7536).jpg,1
people(2852).jpg,1
people(8070).jpg,0
people(6744).jpg,1
people(8339).jpg,1
people(4007).jpg,1
people(3100).jpg,0
people(4499).jpg,2
people(3977).jpg,1
people(1508).jpg,1
people(7030).jpg,0
people(7768).jpg,1
people(3444).jpg,0
people(2420).jpg,0
people(2081).jpg,0
people(153).jpg,0
people(223).jpg,0
people(2403).jpg,2
people(7161).jpg,1
people(7737).jpg,3
people(8089).jpg,0
people(7152).jpg,0
people(2511).jpg,2
people(3540).jpg,1
people(8183).jpg,2
people(3422).jpg,1
people(2696).jpg,0
people(5420).jpg,0
people(4605).jpg,0
people(3472).jpg,4
people(790).jpg,0
people(1502).jpg,0
people(315).jpg,1
people(5587).jpg,0
people(6090).jpg,0
people(3838).jpg,0
people(553).jpg,5
people(2436).jpg,1
people(8720).jpg,1
people(5643).jpg,0
people(5096).jpg,0
people(1675).jpg,0
people(2707).jpg,0
people(1643).jpg,0
people(7317).jpg,0
people(864).jpg,1
people(1073).jpg,0
people(3346).jpg,2
people(7295).jpg,0
people(2125).jpg,0
people(134).jpg,1
people(4817).jpg,1
people(3910).jpg,1
people(963).jpg,1
people(6810).jpg,2
people(7683).jpg,3
people(1826).jpg,1
people(4392).jpg,0
people(2768).jpg,1
people(7510).jpg,0
people(5052).jpg,1
people(6696).jpg,1
people(916).jpg,2
people(4105).jpg,2
people(4623).jpg,0
people(510).jpg,0
people(2828).jpg,1
people(922).jpg,2
people(3879).jpg,2
people(4731).jpg,1
people(3659).jpg,0
people(206).jpg,1
people(5455).jpg,0
people(2252).jpg,0
people(8291).jpg,0
people(8120).jpg,0
people(8165).jpg,1
people(1511).jpg,2
people(7338).jpg,0
people(4383).jpg,0
people(1360).jpg,1
people(6069).jpg,0
people(322).jpg,0
people(8262).jpg,2
people(6107).jpg,0
people(1366).jpg,2
people(1654).jpg,2
people(8668).jpg,1
people(7531).jpg,2
people(2678).jpg,3
people(6724).jpg,1
people(5532).jpg,0
people(1548).jpg,1
people(2449).jpg,1
people(2311).jpg,0
people(7721).jpg,1
people(3779).jpg,2
people(7779).jpg,0
people(3205).jpg,1
people(3394).jpg,2
people(8835).jpg,0
people(1627).jpg,3
people(4562).jpg,0
people(8885).jpg,2
people(5677).jpg,0
people(4061).jpg,0
people(1648).jpg,2
people(7538).jpg,2
people(1785).jpg,1
people(1258).jpg,1
people(5599).jpg,0
people(4695).jpg,1
people(397).jpg,0
people(1227).jpg,1
people(2443).jpg,1
people(3489).jpg,2
people(7900).jpg,1
people(2364).jpg,1
people(3962).jpg,1
people(7790).jpg,2
people(6009).jpg,1
people(3724).jpg,0
people(1305).jpg,0
people(6825).jpg,1
people(1876).jpg,2
people(1281).jpg,1
people(1810).jpg,2
people(3840).jpg,0
people(7298).jpg,0
people(4627).jpg,2
people(3892).jpg,0
people(1460).jpg,0
people(3885).jpg,1
people(2107).jpg,6
people(8159).jpg,0
people(220).jpg,5
people(3116).jpg,3
people(7516).jpg,1
people(139).jpg,0
people(8161).jpg,0
people(5185).jpg,0
people(2522).jpg,1
people(5868).jpg,1
people(3856).jpg,0
people(2399).jpg,0
people(242).jpg,1
people(3341).jpg,1
people(3381).jpg,2
people(3664).jpg,1
people(4985).jpg,2
people(789).jpg,1
people(5486).jpg,0
people(6235).jpg,1
people(378).jpg,2
people(1003).jpg,2
people(7863).jpg,0
people(1788).jpg,2
people(8671).jpg,0
people(2654).jpg,0
people(94).jpg,6
people(4069).jpg,0
people(4966).jpg,2
people(2571).jpg,1
people(6639).jpg,2
people(42).jpg,1
people(415).jpg,2
people(1242).jpg,3
people(1707).jpg,0
people(254).jpg,2
people(7943).jpg,0
people(8242).jpg,2
people(2429).jpg,5
people(389).jpg,0
people(3676).jpg,1
people(2681).jpg,0
people(2349).jpg,0
people(7212).jpg,3
people(7238).jpg,0
people(1011).jpg,4
people(7607).jpg,1
people(3343).jpg,1
people(1063).jpg,5
people(1150).jpg,2
people(3847).jpg,0
people(1811).jpg,7
people(7990).jpg,0
people(7836).jpg,2
people(4540).jpg,1
people(4601).jpg,0
people(3930).jpg,0
people(2160).jpg,1
people(3757).jpg,1
people(4186).jpg,1
people(6179).jpg,1
people(4547).jpg,0
people(5225).jpg,1
people(2312).jpg,0
people(4961).jpg,2
people(5229).jpg,1
people(1544).jpg,0
people(1725).jpg,0
people(939).jpg,1
people(6300).jpg,0
people(1681).jpg,0
people(4084).jpg,1
people(1783).jpg,2
people(4902).jpg,2
people(4635).jpg,4
people(8788).jpg,0
people(4980).jpg,1
people(5832).jpg,1
people(4824).jpg,0
people(7048).jpg,1
people(3316).jpg,0
people(3034).jpg,0
people(1492).jpg,1
people(201).jpg,0
people(7888).jpg,0
people(5017).jpg,1
people(1652).jpg,1
people(6587).jpg,0
people(1354).jpg,2
people(3408).jpg,1
people(5169).jpg,0
people(2719).jpg,1
people(7835).jpg,0
people(2703).jpg,0
people(4939).jpg,1
people(1211).jpg,1
people(4989).jpg,0
people(6015).jpg,0
people(3024).jpg,0
people(2988).jpg,1
people(7283).jpg,3
people(3494).jpg,0
people(5831).jpg,3
people(1843).jpg,0
people(4064).jpg,0
people(1716).jpg,1
people(7628).jpg,1
people(3151).jpg,3
people(4697).jpg,1
people(7177).jpg,1
people(2047).jpeg,0
people(8038).jpg,1
people(6956).jpg,1
people(5755).jpg,0
people(7188).jpg,4
people(3400).jpg,1
people(1014).jpg,0
people(3413).jpg,0
people(4983).jpg,2
people(3568).jpg,2
people(2377).jpg,2
people(6572).jpg,0
people(3278).jpg,0
people(6882).jpg,1
people(5927).jpg,3
people(7540).jpg,0
people(404).jpg,1
people(2626).jpg,0
people(1376).jpg,1
people(4864).jpg,1
people(6633).jpg,2
people(6649).jpg,0
people(7294).jpg,0
people(7050).jpg,1
people(2012).jpg,1
people(1754).jpg,1
people(3492).jpg,1
people(6852).jpg,0
people(232).jpg,0
people(997).jpg,1
people(7101).jpg,1
people(8693).jpg,1
people(2394).jpg,0
people(3907).jpg,2
people(5250).jpg,2
people(6990).jpg,0
people(5122).jpg,0
people(7555).jpg,1
people(271).jpg,1
people(1489).jpg,1
people(1523).jpg,2
people(1549).jpg,2
people(6256).jpg,1
people(1701).jpg,0
people(3711).jpg,0
people(2908).jpg,2
people(2315).jpg,0
people(3046).jpg,0
people(2794).jpg,0
people(1464).jpg,0
people(7422).jpg,0
people(3294).jpg,2
people(844).jpg,2
people(7654).jpg,1
people(237).jpg,2
people(3511).jpg,0
people(1514).jpg,5
people(3032).jpg,2
people(4030).jpg,0
people(6450).jpg,1
people(7702).jpg,0
people(1664).jpg,1
people(3085).jpg,1
people(3269).jpg,2
people(5829).jpg,2
people(3162).jpg,0
people(4196).jpg,0
people(6905).jpg,3
people(5926).jpg,0
people(4152).jpg,1
people(5093).jpg,0
people(5029).jpg,0
people(5257).jpg,2
people(3143).jpg,1
people(3003).jpg,0
people(5284).jpg,2
people(3883).jpg,2
people(910).jpg,0
people(7910).jpg,3
people(6192).jpg,0
people(3931).jpg,1
people(3293).jpg,1
people(3553).jpg,2
people(1334).jpg,1
people(1181).jpg,2
people(7253).jpg,3
people(3048).jpg,1
people(4619).jpg,1
people(700).jpg,0
people(2590).jpg,2
people(3369).jpg,1
people(2080).jpg,0
people(2747).jpg,3
people(3300).jpg,0
people(16).jpg,0
people(2410).jpg,1
people(8077).jpg,0
people(540).jpg,0
people(1446).jpg,0
people(3439).jpg,0
people(1918).jpg,1
people(4038).jpg,2
people(7965).jpg,1
people(4184).jpg,1
people(1263).jpg,0
people(6197).jpg,1
people(8276).jpg,0
people(3872).jpg,0
people(3606).jpg,0
people(1803).jpg,1
people(6507).jpg,1
people(1540).jpg,1
people(4905).jpg,2
people(693).jpg,0
people(6319).jpg,2
people(7098).jpg,1
people(7562).jpg,2
people(3198).jpg,0
people(1025).jpg,1
people(319).jpg,3
people(4729).jpg,0
people(8108).jpg,3
people(2277).jpg,1
people(433).jpg,0
people(1275).jpg,2
people(2398).jpg,1
people(2947).jpg,3
people(589).jpg,2
people(8766).jpg,1
people(2442).jpg,1
people(5993).jpg,1
people(6940).jpg,1
people(8237).jpg,1
people(4063).jpg,2
people(340).jpg,0
people(6585).jpg,0
people(7166).jpg,1
people(6034).jpg,1
people(2310).jpg,0
people(6390).jpg,0
people(1215).jpg,1
people(3301).jpg,1
people(1059).jpg,0
people(3025).jpg,3
people(2082).jpg,1
people(1838).jpg,4
people(3393).jpg,1
people(758).jpg,1
people(4611).jpg,2
people(2958).jpg,2
people(270).jpg,2
people(7594).jpg,1
people(4642).jpg,0
people(4365).jpg,2
people(1685).jpg,0
people(7747).jpg,1
people(2848).jpg,0
people(6147).jpg,1
people(7139).jpg,0
people(3876).jpg,0
people(2205).jpg,0
people(5070).jpg,2
people(1397).jpg,5
people(3213).jpg,3
people(2557).jpg,1
people(2815).jpg,3
people(2329).jpg,1
people(3708).jpg,1
people(7003).jpg,0
people(3121).jpg,1
people(7752).jpg,0
people(3432).jpg,0
people(7377).jpg,1
people(2489).jpg,0
people(866).jpg,1
people(6169).jpg,1
people(4015).jpg,0
people(7645).jpg,2
people(2164).jpg,1
people(5084).jpg,0
people(6062).jpg,2
people(6392).jpg,1
people(4080).jpg,2
people(1142).jpg,0
people(5807).jpg,0
people(1438).jpg,0
people(5842).jpg,0
people(481).jpg,1
people(1697).jpg,1
people(3633).jpg,0
people(5124).jpg,0
people(6360).jpg,0
people(6897).jpg,1
people(2480).jpg,2
people(6540).jpg,1
people(263).jpg,1
people(4125).jpg,1
people(1752).jpg,0
people(5749).jpg,0
people(5819).jpg,1
people(7364).jpg,0
people(1121).jpg,1
people(3159).jpg,0
people(2333).jpg,1
people(1796).jpg,0
people(2359).jpg,2
people(5797).jpg,0
people(3448).jpg,0
people(6580).jpg,0
people(191).jpg,3
people(1119).jpg,3
people(4141).jpg,5
people(2708).jpg,2
people(2149).jpg,1
people(197).jpg,2
people(203).jpg,1
people(1269).jpg,1
people(4164).jpg,2
people(85).jpg,1
people(1577).jpg,0
people(4198).jpg,1
people(2727).jpg,1
people(1182).jpg,2
people(3958).jpg,1
people(6512).jpg,2
people(5058).jpg,1
people(4736).jpg,2
people(243).jpg,0
people(1857).jpg,4
people(7150).jpg,6
people(1539).jpg,0
people(7774).jpg,4
people(5695).jpg,0
people(6543).jpg,1
people(6646).jpg,4
people(8753).jpg,1
people(2051).jpg,3
people(7849).jpg,0
people(905).jpg,2
people(3074).jpg,2
people(2986).jpg,1
people(5510).jpg,0
people(965).jpg,1
people(2119).jpg,0
people(109).jpg,0
people(5815).jpg,1
people(390).jpg,1
people(6848).jpg,0
people(6065).jpg,0
people(2763).jpg,2
people(2855).jpg,1
people(2224).jpg,2
people(6337).jpg,2
people(456).jpg,2
people(5335).jpg,0
people(7706).jpg,0
people(2572).jpg,1
people(4375).jpg,1
people(7416).jpg,2
people(2563).jpg,1
people(8737).jpg,2
people(5824).jpg,0
people(2490).jpg,0
people(8929).jpg,1
people(3639).jpg,0
people(3026).jpg,1
people(102).jpg,0
people(3945).jpg,0
people(3206).jpg,1
people(355).jpg,1
people(7927).jpg,2
people(1773).jpg,2
people(436).jpg,2
people(8277).jpg,0
people(8906).jpg,0
people(261).jpg,9
people(7713).jpg,0
people(8033).jpg,1
people(2472).jpg,3
people(4757).jpg,0
people(2826).jpg,3
people(7843).jpg,0
people(2392).jpg,2
people(4643).jpg,1
people(793).jpg,1
people(5140).jpg,1
people(3786).jpg,0
people(5925).jpg,0
people(3754).jpg,2
people(7632).jpg,2
people(6896).jpg,2
people(3939).jpg,0
people(5121).jpg,0
people(5957).jpg,0
people(882).jpg,1
people(8848).jpg,0
people(2542).jpg,1
people(6018).jpg,1
people(6306).jpg,2
people(4688).jpg,4
people(4391).jpg,1
people(5636).jpg,0
people(7118).jpg,1
people(8204).jpg,0
people(594).jpg,1
people(7699).jpg,1
people(8132).jpg,0
people(3355).jpg,2
people(3).jpg,1
people(5494).jpg,0
people(4041).jpg,0
people(6563).jpg,1
people(776).jpg,1
people(3209).jpg,2
people(8675).jpg,1
people(2496).jpg,1
people(7684).jpg,0
people(3318).jpg,0
people(1836).jpg,1
people(4094).jpg,0
people(6249).jpg,1
people(1669).jpg,1
people(6597).jpg,0
people(3809).jpg,0
people(4750).jpg,1
people(1552).jpg,0
people(7498).jpg,0
people(2334).jpg,4
people(8863).jpg,1
people(5623).jpg,0
people(2906).jpg,0
people(2038).jpg,2
people(4640).jpg,3
people(2146).jpg,2
people(7886).jpg,0
people(2509).jpg,1
people(2318).jpg,2
people(1696).jpg,2
people(6628).jpg,0
people(3928).jpg,2
people(7682).jpg,1
people(4528).jpg,2
people(566).jpg,1
people(1645).jpg,4
people(1442).jpg,0
people(6005).jpg,0
people(7823).jpg,3
people(2993).jpg,3
people(4420).jpg,2
people(6318).jpg,0
people(3445).jpg,0
people(3184).jpg,1
people(8338).jpg,2
people(3049).jpg,1
people(8121).jpg,0
people(1477).jpg,1
people(2289).jpg,2
people(1491).jpg,1
people(5126).jpg,2
people(4473).jpg,0
people(3831).jpg,1
people(8734).jpg,2
people(6746).jpg,1
people(650).jpg,0
people(4579).jpg,0
people(3960).jpg,0
people(1013).jpg,2
people(2140).jpg,1
people(2428).jpg,1
people(33).jpg,0
people(5120).jpg,0
people(2142).jpg,1
people(1005).jpg,0
people(3219).jpg,0
people(1169).jpg,1
people(7105).jpg,0
people(812).jpg,3
people(5856).jpg,0
people(4585).jpg,2
people(2686).jpg,1
people(1461).jpg,1
people(3887).jpg,0
people(3361).jpg,2
people(498).jpg,1
people(8718).jpg,3
people(7385).jpg,2
people(2555).jpg,1
people(1706).jpg,0
people(1146).jpg,3
people(4398).jpg,1
people(5782).jpg,0
people(7889).jpg,1
people(2534).jpg,3
people(1107).jpg,0
people(1304).jpg,2
people(2132).jpg,1
people(4429).jpg,2
people(2003).jpg,0
people(6792).jpg,0
people(8880).jpg,2
people(4894).jpg,0
people(1721).jpg,0
people(3952).jpg,0
people(4641).jpg,1
people(3863).jpg,1
people(2502).jpg,1
people(2991).jpg,1
people(5945).jpg,3
people(2015).jpg,1
people(7104).jpg,0
people(3943).jpg,3
people(6075).jpg,4
people(4997).jpg,0
people(2709).jpg,0
people(7228).jpg,2
people(3596).jpg,0
people(6056).jpg,0
people(5789).jpg,0
people(187).jpg,1
people(4651).jpg,1
people(4053).jpg,2
people(5936).jpg,2
people(2361).jpg,1
people(2545).jpg,2
people(3626).jpg,2
people(1593).jpg,1
people(1781).jpg,1
people(4704).jpg,7
people(5871).jpg,1
people(6236).jpg,1
people(1132).jpg,1
people(4514).jpg,1
people(3692).jpg,1
people(5204).jpg,0
people(5647).jpg,0
people(1138).jpg,1
people(58).jpg,0
people(3972).jpg,0
people(5341).jpg,0
people(6379).jpg,1
people(3295).jpg,0
people(2138).jpg,0
people(8098).jpg,3
people(5934).jpg,3
people(3177).jpg,1
people(8072).jpg,1
people(7409).jpg,1
people(8128).jpg,1
people(2712).jpg,1
people(1441).jpg,0
people(339).jpg,1
people(249).jpg,0
people(5308).jpg,0
people(2473).jpg,1
people(6478).jpg,1
people(4159).jpg,6
people(4625).jpg,3
people(2675).jpg,0
people(2145).jpg,1
people(1254).jpg,0
people(843).jpg,0
people(527).jpg,1
people(1382).jpg,1
people(4010).jpg,0
people(424).jpg,1
people(4594).jpg,0
people(2734).jpg,1
people(7840).jpg,0
people(1309).jpg,0
people(2347).jpg,3
people(1311).jpg,1
people(651).jpg,2
people(1871).jpg,1
people(6902).jpg,0
people(1665).jpg,0
people(7380).jpg,0
people(1522).jpg,1
people(3449).jpg,0
people(6048).jpg,2
people(1285).jpg,1
people(3058).jpg,2
people(1104).jpg,3
people(416).jpg,0
people(428).jpg,0
people(493).jpg,0
people(3064).jpg,0
people(3373).jpg,1
people(750).jpg,4
people(7586).jpg,6
people(1296).jpg,3
people(3129).jpg,6
people(1447).jpg,1
people(1771).jpg,0
people(4484).jpg,0
people(6725).jpg,0
people(2325).jpg,2
people(6291).jpg,1
people(3936).jpg,1
people(4143).jpg,1
people(323).jpg,0
people(2674).jpg,1
people(4621).jpg,0
people(8305).jpg,0
people(6338).jpg,0
people(7738).jpg,1
people(3326).jpg,0
people(1015).jpg,0
people(2461).jpg,1
people(5289).jpg,0
people(1533).jpg,5
people(2858).jpg,0
people(6032).jpg,0
people(2302).jpg,1
people(6305).jpg,2
people(8862).jpg,0
people(4795).jpg,1
people(1386).jpg,2
people(4631).jpg,1
people(639).jpg,0
people(8938).jpg,2
people(1419).jpg,2
people(5188).jpg,1
people(1341).jpg,0
people(2809).jpg,0
people(6370).jpg,0
people(1584).jpg,0
people(2791).jpg,1
people(524).jpg,0
people(982).jpg,6
people(3207).jpg,0
people(2330).jpg,2
people(3402).jpg,1
people(2939).jpg,0
people(1139).jpg,2
people(3937).jpg,0
people(8369).jpg,3
people(3899).jpg,1
people(2560).jpg,0
people(1125).jpg,3
people(5193).jpg,0
people(2430).jpg,0
people(2464).jpg,0
people(5378).jpg,0
people(7326).jpg,0
people(4606).jpg,3
people(4972).jpg,3
people(5418).jpg,0
people(2479).jpg,0
people(5042).jpg,1
people(3718).jpg,1
people(3870).jpg,1
people(685).jpg,2
people(4039).jpg,0
people(7777).jpg,2
people(4118).jpg,1
people(4422).jpg,1
people(31).jpg,1
people(2601).jpg,0
people(8065).jpg,3
people(5195).jpg,1
people(5367).jpg,0
people(7806).jpg,1
people(5333).jpg,0
people(4098).jpg,1
people(4616).jpg,4
people(4412).jpg,1
people(2324).jpg,0
people(7940).jpg,0
people(2441).jpg,2
people(3996).jpg,5
people(396).jpg,0
people(7600).jpg,0
people(3150).jpg,0
people(4760).jpg,3
people(3128).jpg,0
people(2683).jpg,0
people(2425).jpg,3
people(7582).jpg,1
people(5291).jpg,2
people(4486).jpg,1
people(2519).jpg,0
people(2388).jpg,0
people(2457).jpg,1
people(5262).jpg,0
people(4437).jpg,1
people(8860).jpg,1
people(6280).jpg,1
people(2953).jpg,0
people(2475).jpg,1
people(4816).jpg,0
people(1114).jpg,1
people(1600).jpg,1
people(3908).jpg,1
people(4002).jpg,1
people(8733).jpg,3
people(7192).jpg,1
people(2528).jpg,1
people(1093).jpg,0
people(1779).jpg,1
people(1750).jpg,1
people(2241).jpg,1
people(5933).jpg,1
people(4136).jpg,0
people(6459).jpg,1
people(2337).jpg,3
people(3675).jpg,0
people(3137).jpg,2
people(3106).jpg,1
people(4369).jpg,0
people(5572).jpg,0
people(2625).jpg,2
people(4787).jpg,0
people(2384).jpg,2
people(2507).jpg,2
people(6308).jpg,1
people(7714).jpg,0
people(7544).jpg,1
people(4810).jpg,0
people(3186).jpg,0
people(3516).jpg,1
people(3107).jpg,2
people(3310).jpg,1
people(1512).jpg,1
people(6108).jpg,0
people(3666).jpg,1
people(1819).jpg,0
people(796).jpg,0
people(5068).jpg,1
people(1350).jpg,1
people(542).jpg,0
people(3991).jpg,2
people(6123).jpg,2
people(2346).jpg,0
people(6726).jpg,2
people(84).jpg,5
people(155).jpg,1
people(1591).jpg,0
people(1086).jpg,3
people(1609).jpg,1
people(1628).jpg,2
people(1656).jpg,3
people(3076).jpg,3
people(8931).jpg,2
people(664).jpg,2
people(1565).jpg,1
people(3841).jpg,0
people(5930).jpg,0
people(1280).jpg,1
people(1858).jpg,4
people(6399).jpg,0
people(4457).jpg,1
people(7666).jpg,1
people(1143).jpg,2
people(4046).jpg,0
people(4639).jpg,2
people(5000).jpg,0
people(6193).jpg,3
people(7657).jpg,0
people(5397).jpg,0
people(4478).jpg,2
people(1563).jpg,1
people(4628).jpg,1
people(6402).jpg,1
people(6654).jpg,2
people(2448).jpg,0
people(5732).jpg,0
people(781).jpg,2
people(6755).jpg,0
people(6174).jpg,0
people(1340).jpg,2
people(132).jpg,0
people(402).jpg,0
people(2283).jpg,3
people(3934).jpg,0
people(4662).jpg,2
people(8761).jpg,1
people(2529).jpg,1
people(308).jpg,2
people(7214).jpg,0
people(8356).jpg,0
people(5546).jpg,0
people(1506).jpg,0
people(1229).jpg,2
people(794).jpg,2
people(1418).jpg,2
people(1633).jpg,3
people(4054).jpg,0
people(4077).jpg,0
people(5048).jpg,0
people(423).jpg,0
people(2889).jpg,0
people(4032).jpg,1
people(6355).jpg,0
people(3234).jpg,0
people(1358).jpg,2
people(1450).jpg,1
people(4071).jpg,0
people(8871).jpg,1
people(1924).jpg,0
people(6141).jpg,1
people(3387).jpg,1
people(3363).jpg,2
people(399).jpg,4
people(7043).jpg,0
people(8673).jpg,1
people(6799).jpg,1
people(7130).jpg,0
people(7518).jpg,2
people(2313).jpg,1
people(903).jpg,0
people(7569).jpg,1
people(7354).jpg,2
people(7711).jpg,1
people(3995).jpg,2
people(2360).jpg,1
people(7807).jpg,0
people(1517).jpg,1
people(3942).jpg,3
people(4001).jpg,0
people(4153).jpg,0
people(3780).jpg,1
people(3272).jpg,1
people(702).jpg,2
people(6958).jpg,0
people(5604).jpg,0
people(4908).jpg,5
people(5056).jpg,0
people(749).jpg,5
people(1220).jpg,0
people(2055).jpg,6
people(577).jpg,2
people(4988).jpg,1
people(3740).jpg,0
people(1156).jpg,1
people(4561).jpg,2
people(6492).jpg,1
people(7265).jpg,1
people(2566).jpg,1
people(1437).jpg,1
people(4036).jpg,1
people(704).jpg,1
people(7415).jpg,0
people(2866).jpg,0
people(6968).jpg,1
people(3749).jpg,0
people(7575).jpg,0
people(5821).jpg,0
people(7469).jpg,1
people(7112).jpg,1
people(7619).jpg,0
people(1530).jpg,0
people(1109).jpg,0
people(3641).jpg,2
people(1632).jpg,0
people(3114).jpg,2
people(1218).jpg,2
people(3914).jpg,0
people(1465).jpg,2
people(2135).jpg,3
people(1155).jpg,1
people(2941).jpg,1
people(7435).jpg,1
people(1241).jpg,4
people(5628).jpg,0
people(5720).jpg,0
people(899).jpg,0
people(502).jpg,2
people(1840).jpg,0
people(2607).jpg,0
people(4087).jpg,0
people(1494).jpg,0
people(4093).jpg,1
people(6054).jpg,3
people(697).jpg,2
people(4513).jpg,3
people(5061).jpg,2
people(1049).jpg,2
people(3266).jpg,1
people(4158).jpg,0
people(6735).jpg,0
people(2886).jpg,1
people(3884).jpg,0
people(7951).jpg,2
people(2433).jpg,0
people(4663).jpg,3
people(7955).jpg,1
people(1274).jpg,4
people(2787).jpg,2
people(7292).jpg,3
people(6875).jpg,1
people(4974).jpg,1
people(5751).jpg,0
people(8040).jpg,2
people(1193).jpg,3
people(3374).jpg,1
people(5107).jpg,0
people(8688).jpg,0
people(1432).jpg,1
people(4624).jpg,2
people(810).jpg,0
people(5247).jpg,0
people(4491).jpg,4
people(645).jpg,0
people(1051).jpg,1
people(5860).jpg,0
people(5032).jpg,3
people(2400).jpg,0
people(4145).jpg,1
people(5820).jpg,0
people(338).jpg,1
people(7732).jpg,0
people(2680).jpg,1
people(6275).jpg,0
people(3006).jpg,3
people(716).jpg,2
people(701).jpg,1
people(6511).jpg,1
people(3464).jpg,0
people(1216).jpg,2
people(1588).jpg,3
people(3418).jpg,1
